{
  "metadata": {
    "timestamp": "2026-03-30T12:05:57.400580",
    "completion_rate": 0.9621480955760586,
    "valid_data_points": 4067
  }
}