{
  "metadata": {
    "timestamp": "2026-03-17T18:59:15.494196",
    "completion_rate": 0.9621480955760586,
    "valid_data_points": 4067
  }
}