metric_pair,n_models,pearson_r,pearson_p_value,pearson_ci_low_95,pearson_ci_high_95,spearman_rho,spearman_p_value,spearman_bootstrap_ci_low_95,spearman_bootstrap_ci_high_95
overall_mean_entropy_vs_overall_mdr,36,-0.09896087267947043,0.5658170686574722,-0.4140406100377949,0.23729558702288514,-0.07808502784283448,0.650787905272046,-0.3939387166713026,0.24642141991564254
