emotion,chi2,dof,p_value,n_observations,min_expected,significant_0_05
Interest,276.8241028688067,12,3.395915119687223e-52,4067,6.738382099827883,True
Surprise,323.9130826891782,12,4.410736179249186e-62,4067,3.9036144578313254,True
Sadness,491.26036728364954,12,1.6043108410258534e-97,4067,46.09982788296041,True
Anger,162.50401361437184,12,1.6214760804019053e-28,4067,33.366609294320135,True
