developer,mean_abs_r,std_abs_r,min_abs_r,max_abs_r,n_models,pattern
Google,0.6167725740411046,0.26475513565324105,0.039237872092427406,0.9673543071830173,9,Mixed (bimodal)
DeepSeek,0.6066480439150452,0.1652991977762204,0.41584347102078056,0.7064133576873249,3,Moderately responsive
Meta,0.5551861204905046,0.37940217412560967,0.1246032025486617,0.8404402324539733,3,Lower responsiveness
xAI,0.5250082756680035,0.42256505450676896,0.06571811858813653,0.9068483014485355,5,Lower responsiveness
OpenAI,0.5031820152296944,0.3433767097731515,0.13408405875717178,0.9824633457246763,5,Lower responsiveness
Anthropic,0.46813047690634046,0.24385613952318036,0.12006298244081892,0.6676522629350182,4,Lower responsiveness
Alibaba,0.13427024324841302,0.11243964129644335,0.05476341041351496,0.21377707608331106,2,Lower responsiveness
